{
  "assetsByChunkName": {
    "component---src-pages-index-js": [
      "component---src-pages-index-js-1974ff83380df07933a6.js",
      "component---src-pages-index-js-1974ff83380df07933a6.js.map"
    ],
    "path---": [
      "path----fb63dc581f1d15a73653.js",
      "path----fb63dc581f1d15a73653.js.map"
    ],
    "component---src-layouts-index-js": [
      "component---src-layouts-index-js-6b0b2b9a51be76dad4c0.js",
      "component---src-layouts-index-js-6b0b2b9a51be76dad4c0.js.map"
    ],
    "path---index": [
      "path---index-a0e39f21c11f6a62c5ab.js",
      "path---index-a0e39f21c11f6a62c5ab.js.map"
    ],
    "commons": [
      "commons-91b566c6dbbe9345b292.js",
      "build-js-styles.css",
      "commons-91b566c6dbbe9345b292.js.map",
      "build-js-styles.css.map"
    ],
    "app": [
      "app-87ab3984a3f9ae1e1f6e.js",
      "build-js-styles.css",
      "app-87ab3984a3f9ae1e1f6e.js.map",
      "build-js-styles.css.map"
    ]
  }
}