{
  "assetsByChunkName": {
    "component---src-pages-index-js": [
      "component---src-pages-index-js-ae5c26888a229f913509.js",
      "component---src-pages-index-js-ae5c26888a229f913509.js.map"
    ],
    "path---": [
      "path----fb63dc581f1d15a73653.js",
      "path----fb63dc581f1d15a73653.js.map"
    ],
    "component---src-layouts-index-js": [
      "component---src-layouts-index-js-4c1559fdd8824d50f7ab.js",
      "component---src-layouts-index-js-4c1559fdd8824d50f7ab.js.map"
    ],
    "path---index": [
      "path---index-a0e39f21c11f6a62c5ab.js",
      "path---index-a0e39f21c11f6a62c5ab.js.map"
    ],
    "commons": [
      "commons-91b566c6dbbe9345b292.js",
      "build-js-styles.css",
      "commons-91b566c6dbbe9345b292.js.map",
      "build-js-styles.css.map"
    ],
    "app": [
      "app-f600e8617de88d530a5e.js",
      "build-js-styles.css",
      "app-f600e8617de88d530a5e.js.map",
      "build-js-styles.css.map"
    ]
  }
}